Текст,Истинный класс,Предсказанный класс
how would i say i must be going now if i were german,translate,directions
"at ac, what's the temperature like",smart_home,weather
please set the temperature to 70 f,smart_home,weather
i would like it if you would turn the bedroom lights on low until i'm finished reading,smart_home,alarm
i need the temperature set at 70 f,smart_home,weather
ac temperature is at what,smart_home,weather
what is it like the temperature at ac,smart_home,weather
i can't remember if i added the fun run to my calendar yet; did i,calendar,reminder
set the tv on,smart_home,alarm
how is the temperature at ac,smart_home,weather
the temperature at ac is what,smart_home,weather
